﻿﻿﻿﻿﻿﻿﻿﻿﻿﻿"﻿""﻿""""﻿""""""""﻿﻿﻿﻿﻿""""""""""""""""""""""""""""""""﻿Version""""""""""""""""""""""""""""""",
0,
"Double byte support",
0,
"Double byte font",
"�l�r �o�S�V�b�N",
"Not enough coins, please purchase more!", "Не достаточно монет, пожалуйста, купите ещё!"
"TANK LVL-1", "LVL-1 ТАНК"
"TANK LVL-2", "LVL-2 ТАНК"
"APC LVL-1", "LVL-1 БТР"
"APC LVL-2", "LVL-2 БТР"
"APC LVL-3", "LVL-3 БТР"
"HELICOPTER LVL-1", "ВЕРТОЛЁТ LVL-1"
"HELICOPTER LVL-2", "ВЕРТОЛЁТ LVL-2"
"HELICOPTER LVL-3", "ВЕРТОЛЁТ LVL-3"
"PERSON", "ЧЕЛОВЕК"
"Outfit", "СНАРЯЖЕНИЕ"
"Primary", "ГЛАВНЫЙ"
"Secondary", "ВТОРОЙ"
"Items", "ПРЕДМЕТЫ"
"Head", "ГОЛОВА"
"Camo", "КАМУФЛЯЖ"
"Flag", "ФЛАГ"
"Emblem", "ГЕРБ"
"OPEN", "ОТКРЫТЬ"
"PURCHASE", "ПОКУПКА"
"CLIENT IS OLD, PLEASE CLEAR YOUR BROWSER CACHE...", "КЛИЕНТ УСТАРЕЛ, ПОЖАЛУЙСТА ОЧИСТИТЕ НАЛИЧНЫЕ БРАУЗЕРА."
"ALL GAME SERVERS FULL, PLEASE REFRESH...", "ВСЕ ИГРОВЫЕ СЕРВЕРЫ ЗАПОЛНЕНЫ, ОБНОВИТЕ ПОЖАЛУЙСТА."
"SELECT SERVER", "ВЫБЕРИТЕ СЕРВЕР"
"Connect", "СОЕДИНИТЬ"
"Refresh", "ОБНОВИТЬ"
"Localhost", "АДМИНИСТРАТОР"
"CONNECTING...", "СОЕДИНЕНИЕ"
"PLAY GAME!", "ИГРАТЬ В ИГРУ!"
"QUIT GAME", "ВЫХОД ИЗ ИГРЫ"
"Mouse", "МЫШКА"
"Volume", "ГРОМКОСТЬ"
"Shadows", "ТЕНИ"
"Mute Audio", "БЕЗ ЗВУКА"
"Antialiasing", "ANTIALIASING"
"Tone Mapping", "OБОЗНАЧЕНИЕ"
"Ambient Occlusion", "ТЕНИ В УГЛАХ"
"Reflections", "ОТРАЖЕНИЕ"
"PLAYER CUSTOMIZATION", "ИГРОК НАСТРОЙКИ"
"MISSIONS", "МИССИИ"
"SKIP MISSION", "ПРОПУСТИТЬ МИССИЮ"
"Reward", "НАГРАДА"
"SKIP MISSION?", "ПРОПУСТИТЬ МИССИЮ?"
"Yes", "ДА"
"No", "НЕТ"
"CRATES", "ЯЩИКИ"
"POPULAR", "ПОПУЛЯРНЫЙ"
"BEST VALUE", "ЛУЧШАЯ ЦЕНА"
"Redeem Crate Code...", "КОД ПОЛУЧЕНИЯ БОНУСА..."
"Log In", "ВОЙТИ В ИГРУ"
"To earn crates, complete missions, keep track of your XP, and to purchase coins in War Brokers, please sign in using Google, Facebook, VK, Twitch, or a Steam account.", "Для того чтобы зарабатывать ящики, выполнять миссии, следить за своим XP, и покупать монеты в War Brokers, пожалуйста, войдите в аккаунт используя Google, Facebook, VK, Twitch или Steam."
"Use MOUSE1 to control speed", "Используйте мышку чтобы контролировать скорость"
"N", "N"
"S", "S"
"E", "E"
"W", "W"
"M - Menu", "М - Меню"
"Press F to Enter Vehicle", "Нажмите F для Посадки в Транспорт"
"MISSILE LOCKED!!!", "РАКЕТА ЗАПЕРТА!!!"
"Press F to Pickup Package", "Нажмите F чтобы Забрать Пакет"
"Switching Team to Balance Server", "Смена Команды для Баланса Сервера"
"Hold F to Launch Missile", "Нажмите и Держите F для Запуска Ракет "
"Toggle Fullscreen", "Переключить Полноэкранный Режим"
"Press Y for team chat...", "Нажмите Y для команды Поболтать."
"Leaderboard", "Leaderboard"
"LVL", "LVL"
"XP", "XP"
"Ping", "Ping"
"Our Team :", "Наша Команда:"
" : Enemy Team", " :Команда Противника"
"Team Death Match Starts In", "командный смертельный матч начинается в"
"Death Match Starts In", "смертельный матч начинается в"
"Capture Point Starts In", "очки за захват объектов начинаются в"
"Capture Flags Starts In", "Захват Флагов Начинается "
"Package Drop Starts In", "Кидание Пакетов Начинается  "
"Missile Launch Starts In", "Запуск ракеты Начинается "
"Launch missiles!", "Запустить Ракеты!"
"Stop missile launch!", "Остановить запуск ракет!"
"AR Rifle", " Винтовка AR"
"AK Rifle", " Винтовка AK"
"Pistol", "Пистолет"
"Hunting Rifle", "Охотничье Ружье"
"RPG", "РПГ"
"Shotgun", "Дробовик"x
"Sniper Rifle", "Снайперская Винтовка"
"Sub Machine Gun", "Автомат"
"Homing Missile", "Наведение ракет"
"Package", "Пакет"
"Grenade", "Граната"
"BGM", "BGM"
"Air Strike", "Боздушый Удар"
"Unknown", "Неизвестный"
"Team Loss!!!", "Проигрыш!!!"
"Team Wins!!!", "Победа!!!"
"Tie Game!!!", "Ничья!!!"
"Final Results", "Окончательные Результаты"
"Kills", "Убийств"
"Deaths", "Смертей"
"Damage", "Ущерб"
"Longest Kill", "Самое Дальнее"
"Points", "Очки"
"Headshots", "В Голову"
"Kills -", "Убийств-"
"Deaths -", "Смертей -"
"Damage -", "Ущерб -"
"Longest -", "Дальние -"
"Points -", "Очки -"
"Head Shots -", "В Голову -"
" kills", " убивает"
"Sign in to keep track of mission progress", "Войдите в свой аккаунт для отслеживания прогресса, достигнутого миссией"
"LEVEL", "Уровень"
"Earned", "Заработал"
" coins!", " монеты!"
"Team will switch in 5 seconds", "Группа поменяеться через 5 секунд"
"Mission", "Миссия"
" Complete", " Завершить"
" XP", " XP"
" Coins", " Монеты"
"Earned a Crate!", "Заработал ящик!"
"Kill", "Убить"
"Cause", "Причина"
" damage", " ущерб"
"Deliver", "Доставь"
" packages", " пакеты"
" package", " пакет"
"Launch", "Запусти"
" missiles", " ракеты"
" missile", " ракета"
"Capture", "Захвати"
" points", " очков"
" point", " очёк"
"Play", "Сыграй"
" matches", " матчи"
" match", " матч"
"Travel", "Поездки"
" meters", " метров"
"Assist", "Помощь"
" players", " игроки"
" player", " игрок"
"Finish 1 match with", "Закончить 1 матч с"
" kill", " убить"
" as a", " как"
" with a", " с"
" without dying", " не умерая"
" within", " в рамках"
" seconds", " секунды"
" dying less than", " умирая меньше чем"
" times", " раза"
" time", " раз"
" with health less than", " с процентом здоровья меньше чем"
" in less than", " в меньше чем"
" at a distance greater than", " на расстоянии дальнее чем"
" at a distance less than", " на расстоянии менее чем"
"Coins", "Монет"
"Crate", "Ящик"
"any weapon", "любое оружие"
"tanks", "танки"
"tank", "танк"
"APCs", "БТРы"
"APC", "БТР"
"helicopters", "вертолёты"
"helicopter", "вертолёт"
"Tank Lvl-1", "Танк Lvl-1"
"Tank Lvl-2", "Танк Lvl-2"
"Tank Lvl-3", "Танк Lvl-3"
"APC Lvl-1", "БТР Lvl-1 "
"APC Lvl-2", "БТР Lvl-2 "
"APC Lvl-3", "БТР Lvl-3 "
"Helicopter Lvl-1", "Bертолёт Lvl-1"
"Helicopter Lvl-2", "Bертолёт Lvl-2"
"Helicopter Lvl-3", "Bертолёт Lvl-3"
"people", "люди"
"person", "человек"
"TANK LVL-3", "TAHK  LVL-3"
"QUIT GAME?", "ВЫЙТИ ИЗ ИГРЫ?"
"DAILY REWARDS", "ЕЖЕДНЕВНЫЕ ВОЗНАГРАЖДЕНИЯ"
"Missiles Launched", "Ракеты Запущены"
" until next reward", "  до следующей награды"
"killed by", "убит"
"fragged by", "уничтожен "
"blown up by", "взорван"
"destroyed by", "уничтожен"
"smashed by", "разбит"
"with", "с"
"self destructed", "самоуничтожился"
"Invert Heli Y", "Инвертировать Вертолёт Y Аxis"
"Press C to Change View", "Нажмите C Чтобы Изменить Вид"
"LAUNCH MISSILES", "ЗАПУСТИ РАКЕТЫ"
"FIND GREEN CIRCLES ON MAP", "НАЙДИТЕ ЗЕЛЕНЫЕ КРУГИ НА КАРТЕ"
"HOLD F TO RAISE", "Нажмите и Держите F для запуска ракет "
"YELLOW = BEING RAISED", "Жёлтый = Поднимаются"
"RED = LAUNCHED", "Красный = Запущен"
"GREEN = LAUNCHER", "Зелёный = Пусковая Установка"
"STOP MISSILE LAUNCH", "Остановите Запуск Ракеты!"
"FIND YELLOW CIRCLES ON MAP", "НАЙТИ ЖЕЛТЫЕ КРУГИ НА КАРТЕ"
"STOP PEOPLE LAUNCHING MISSILE", "Остановите Людей, Которые Запускают Ракеты"
"Invert Y Axis", "Инвертировать Y АХIS"
"Color Blind", "Дальтонизм"
"Press F to Drop Package", "Нажмите F, чтобы бросить пакет."
"FIND THE PACKAGE [WHITE STAR ON MAP]", "НАЙДИТЕ ПАКЕТ [БЕЛАЯ ЗВЕЗДА НА КАРТЕ]"
"PICK IT UP", "ПОДНИМИ"
"DROP OFF AT GREEN CIRCLE", "БРОСЬТЕ НА ЗЕЛЕНЫЙ КРУГ"
"Deliver package to green circle on minimap", "Доставить пакет к зеленыму кругу на мини-карте"
"Get the package, white star on minimap", "Достаньте пакет, белую звезду на миникарте"
"Defend the package carrier", "Защитити курьера" 
"Stop the package carrier, flashing star on minimap", "Остановите курьера, мигающая звезда на мини-карте"
"Hop in, I'll give you a ride", "Запрыгивай, я дам тебе прокатиться"
"I need a ride", "Мне нужна поездка"
"Launch Missile #1", "Запустить Ракету № 1"
"Launch Missile #2", "Запустить Ракету № 2"
"Launch Missile #3", "Запустить Ракету № 3"
"Defend Missile #1", "Защитить Ракету № 1"
"Defend Missile #2", "Защитить Ракету №2"
"Defend Missile #3", "Защитить Ракету № 3"
"Defend the package carrier (flashing green/white star on the map)", "Защитите курьера (мигающая зеленая / белая звезда на карте)"
"Package carrier deliver the package to the drop off point (green circle on map)", "Курьер доставляй пакет в точку назначения (зеленый круг на карте)"
"Drop the package I'll carry it", "Брось пакет, я понесу!"
"Pickup the package (white star on the mini-map)", "Подними пакет (белая звезда на мини-карте)"
"Kill the enemy carrying the package (flashing red/yellow star on the mini-map)", "Убейте вражеского курьера (мигающая красно-желтая звезда на мини-карте)"
"Enemy on top of mountain", "Враг на горе"
"Group up to help each other", "Группируйтесь, чтобы помогать друг-другу"
"Enemy on top of buildings", "Враг на вершине зданий"
"Enemy close", "Враг близко"
"Taking enemy fire", "Беру огнь противника"
"Kill the enemy helicopter", "Убейте вражеский вертолет"
"Kill the enemy vehicle", "Убейте вражескую технику"
"Death Match", "Смертельный Бой"
"Capture Flags", "Флаги-захвата"
"Package Drop", "Падение пакета"
"Missile Launch", "Запуск Ракет"
"Team", "Команда"
"CLICK HERE TO SELECT MISSILE LAUNCH", "НАЖМИТЕ ЗДЕСЬ, ЧТОБЫ ВЫБРАТЬ ЗАПУСК РАКЕТ"
"CLICK HERE TO SELECT PACKAGE DROP", "НАЖМИТЕ ЗДЕСЬ, ЧТОБЫ ВЫБРАТЬ ПАДЕНИЕ ПАКЕТА"
"CLICK HERE TO SELECT DEATH MATCH", "ЩЕЛКНИТЕ ЗДЕСЬ, ЧТОБЫ ВЫБРАТЬ БОЙНЮ"
"NEXT GAME MODE VOTE", "ГОЛОСОВАНИЕ О РЕЖИМЕ СЛЕДУЮЩИЙ ИГРЫ:"
"CLICK HERE TO SELECT TEAM DEATH MATCH", "НАЖМИТЕ ЗДЕСЬ, ЧТОБЫ ВЫБРАТЬ СМЕРТЕЛЬНЫЙ БОЙ"
"Team Death Match", "Смертельный Бой"
"Server will restart at end of round", "Сервер перезапустится в конце раунда"
"Bomb Disposal", "Обезоруживание Бомбы"
"MISSILE LAUNCH / BOMB DISPOSAL", "ЗАПУСК РАКЕТ/ОБЕЗОРУЖИВАНИЕ БОМБЫ"
"PACKAGE DROP", "ПАДЕНИЕ ПАКЕТА"
"TEAM DEATH MATCH", "СМЕРТЕЛЬНЫЙ БОЙ"
"Bomb Diffusal Starts In", "Обезоруживание Бомбы Начинаеться Через"
"Disarm Bombs!", "Обезорядьте бомбы!"
"Stop enemy team!", "Остановите вражескую команду!"
"Bombs Disarmed", "Бомбы Обезврежены"
"DISARM BOMBS", "ОБЕЗВРЕДЬ БОМБЫ"
"HOLD F TO DISARM", "НАЖМИ И ДЕРЖИ F ЧТОБЫ ОБЕЗВРЕДИТЬ"
"STOP ENEMY TEAM", "ОСТАНОВИТЬ КОМАНДУ ПРОТИВНИКА"
"STOP PEOPLE DISARMING BOMBS", "ОСТАНОВИТЬ ЛЮДЕЙ ОБЕЗВРЕЖИВАЮЩИХ БОМБЫ"
"YELLOW = BEING DISARMED", "ЖЕЛТЫЙ = ОБЕЗВРЕЖИВАЕТЬСЯ "
"RED = DISARMED", "КРАСНЫЙ = ОБЕЗВРЕЖЕНО"
"GREEN = ARMED", "ЗЕЛЕНЫЙ = АКТИВИРОВАНО"
"Hold F to Disarm Bomb", "Нажми и держи F, чтобы Обезвредить Бомбу"
"Move", "Передвигаться"
"Fire", "Стреляй"
"Zoom", "Увеличить"
"Look", "Посмотреть"
"Weapon 1", "Оружие 1"
"Weapon 2", "Оружие 2"
"Crouch", "Присесть"
"Reload", "Перезарядка"
"Jump", "Прыгать"
"Pistol Death Match Starts In", "Смертельный бой с использованием пистолета начинается"
"Pistol Death Match", "СМЕРТЕЛЬНЫЙ БОЙ С ИСПОЛЬЗОВАНИЕМ ПИСТОЛЕТОВ"
"NEXT MAP VOTE", "СЛЕДУЮЩАЯ КАРТА ГОЛОСОВАНИЯ"
"BOMB DISPOSAL", "ОБЕЗВРЕЖИВАНИЕ БОМБ"
"PISTOL DEATH MATCH", "СМЕРТЕЛЬНЫЙ БОЙ С ИСПОЛЬЗОВАНИЕМ ПИСТОЛЕТОВ"
"MISSILE LAUNCH", " ЗАПУСК РАКЕТ"
"Disarm Bomb #1", "Обезвредьте Бомбу №1"
"Disarm Bomb #2", "Обезвредьте Бомбу # 2"
"Disarm Bomb #3", "Обезвредьте Бомбу # 3"
"Defend Bomb #1", "Защищайте бомбу # 1"
"Defend Bomb #2", "Защищайте бомбу # 2"
"Defend Bomb #3", "Защищайте бомбу # 3"
"DESERT", "ПУСТЫНЯ"
"NORTHWEST", "СЕВЕРО-ЗАПАД"
"PACIFIC", "ПОРТОВЫЙ ГОРОД"
"OFFICE", "ОФИС"
"FLOODED", "ЗАТОПЛЕННЫЙ"
"Blood Overlay", "Наложение Крови"
"NEXT MAP", "СЛЕДУЮЩАЯ КАРТА"
"Knife", "Нож"
"Parachute", "Парашют"
"Hold Breath", "Задержать Дыхание"
"Server will restart in", "Сервер перезапустится в"
"Please rejoin when this happens.", "Пожалуйста, воссоединитесь, когда это произойдет."
"Heli Mini Gun", "Вертолётная Мини-Пушка"
"Tank Mini Gun", "Танковая Мини-Пушка"
"Socket Test", "Тест сокета"
"Exit Vehicle", "Выйди из техники"
"Drop Package", "Сброс Пакета"
"Default Spawn", "Обычный Респ."
"Click on green area to parachute in on that spot", "Нажмите на зеленую зону для приземления на парашюте в том месте"
"E Brake", "E Тормоз"
"TEMPLE", "ХРАМ"
"Blood", "Кровь"
"Drop Flare", "Выпустите противоракетный патрон"
"LOCKED", "LOCKED"
"Press ENTER or Left Shift...", "Нажмите ENTER или левый Shift ..."
"Deliver package", "Доставте пакет"
"Get the package", "Поднимите пакет"
"Stop the package carrier", "Остановите курьера"
"Revolver", "Револьвер"
"Minigun", "Мини-пушка"
"Deliver the package to green circle", "Доставьте пакет до зеленого круга"
"Pickup the package", "Заберите пакет"
"Kill the enemy carrying the package", "Убейте вражеского курьера"
"Choose a longer nick", "Выберите более длинные име"
"Error! Nick already in use!", "Ошибка! Име уже используется!"
"Set your unique nick", "Установите своё уникальное имя"
"Bored of your current unique nick?  Buy a different one!", "Скучно от вашего обчйного уникального ника? Купите другой!"
"Make sure no one can steal your nick. Lock in your nick!", "Убедитесь, что никто не может украсть ваш ник. Заблокируйте свой ник!"
"To view your full stats, please sign in using Google, Facebook, VK, Twitch or Steam.", "Чтобы просмотреть полную статистику, войдите в систему, используя Google, Facebook, VK, Twitch или Steam."
"Login", "Login"
"ERROR", "ОШИБКА"
"Please refresh your browser window", "Обновите окно браузера."
"Please restart the app", "Перезапустите приложение."
"Players Online", "Игроки онлайн"
"Unable to connect", "Невозможно подключиться"
"Use SSL", "Использовать SSL"
"Choose a Unique Nick", "Выберите уникальный ник"
"Please choose a nickname to identify yourself.  Once you choose a nickname, it cannot be changed unless you purchase a new one.", "Пожалуйста, выберите псевдоним, чтобы идентифицировать себя. Как только вы выберете псевдоним, его нельзя изменить, если вы не купите новый."
"Quick Help", "Быстрая справка"
"PLAYER", "ИГРОК"
"STATS", "СТАТЫ"
"View Full Stats", "Просмотр полных статов:"
"STORE", "МАГАЗИН"
"Redeem Code...", "Используйте код ..."
"Grenade Launcher", "Гранатомет"
"Smoke Grenade", "Дымовая Граната"
"Tank", "Танк"
"Heli", "Вертолёт"
"Heli Minigun", " Вертолётный Пулемёт"
"Tank Minigun", "Танковый Пулемёт"
"OK", "ОК"
"Cancel", "Отменить"
"HELP", "ПОМОГИТЕ"
"SETTINGS", "НАСТРОЙКИ"
"Connect to a server to go on missions...", "Подключитесь к серверу, чтобы выполнять миссии ..."
"Close", "Закрыть"
"Buy Now", "Купить Сейчас"
"BUY NOW ON", "КУПИТЬ СЕЙЧАС НА"
"20% off during launch week (Ends April 25th)", "20% скидка на стартовой неделе (заканчивается 25 апреля)"
"Includes 5000 Coins", "Включает 5000 монет"
"Unique nick with color", "Уникальный ник с цветом"
"2-5 times better frame rate than the browser version", "В 2-5 раз более высокая частота кадров, чем версия браузера"
"Stereo sound", "Стереозвук"
"Runs on PC, OSX, and Linux", "Работает на РС, OSX и Linux"
"Special Hazmat outfit only available with Steam purchase", "Специальная экипировка Hazmat доступна только с покупкой Steam"
"Play Free", "Играть Бесплатно"
"Steam version features:", "Функции версии Steam:"
"Includes 2,500 Coins", "Включает 2500 Монет"
"PLAY FREE ON", "ИГРАТЬ БЕСПЛАТНО НА"
"BROWSER", "БРАУЗЕР"
"Vsync", "Vsync"
"Reticule Color", "Цвет сетки для прицеливаний"
"Please join a new server", "Присоединяйтесь к новому серверу пожалуйста"
"Server is full, try another one", "Сервер заполнен, попробуйте другой"
"Connection dropped, unable to restore it", "Соединение отключено, невозможно восстановить"
"Join the WarBrokers Discord server", "Присоединяйтесь к серверу WarBrokers Discord"
"Ask the devs questions, get help,", "Задайте вопросы разработчикам, получите помощь,"
"talk with other players, and", "разговаривать с другими игроками и"
"get a heads up on new features before", "узнайте по новых деталях перед тем как"
"they are released to everyone else.", "они выпущенный всем остальным."
"Battle Royale", "Битва Рояль"
"Join the WarBrokers Discord server.  Ask the devs questions, get help, talk with other players, and get a heads up on new features before they are released to everyone else.", "Присоединяйтесь к серверу WarBrokers Discord. Задайте вопросы разработчикам, получите помощь, поговорите с другими игроками и  узнайте о новых деталях до того, как они будут выпущены всем остальным."
"ESCAPE", "ПОБЕГ"
"SOUTHWEST", "ЮГОЗАПАД"
"Press Key For: ", "Нажмите клавишу для:"
"Reset all keys", "Сброс всех ключей"
"Forward", "Вперед"
"Back", "Назад"
"Left", "Влево"
"Right", "Вправо"
"to Enter Vehicle", "чтобыойти в автомобиль"
"to Pickup Package", "Забрать Пакет"
"to Change View", "Изменить Вид"
"Menu", "Меню"
"Move Forward", "Двигаться вперед"
"Move Back", "Двигаться назад"
"Move Left", "Двигаться влево"
"Move Right", "Двигаться вправо"
"Use", "Использовать"
"Flare", "Противоракетная Вспышка"
"Battle Royale Starts In", "Битва Рояль начинется через"
"to Exit Plane", "Покинуть Самолёт"
"to Disarm Bomb", "Разоружить Бомбы"
"to Launch Missile", " Запустить ракету"
"Zoom Map", "Увеличить карту"
"to Cancel", "Отменить"
"Jet", "Самолёт"
"Inventory", "Инвентарь"
"Rocket", "Ракета"
"Machine Gun", "Пулемет"
"Afterburner", "Afterburner"
"20% off during Steam Summer Sale (Ends July 5th)", "20% скидка во время летней распродажи Steam (заканчивается 5 июля)"
"Fist", "Kулак"
"Health", "Здоровье"
"Using", "Использовая"
"Kills Elo", "Убиваение Еlo"
"Games Elo", "Игр Elo"
"Jet Rocket", "Самолётная ракета"
"Jet Homing", "Самолетная самоуправляемая ракета"
"Jet Machinegun", "Самолётный пулемет"
"to Pickup", "чтобы Поднять"
"REMAGEN", "REMAGEN"
"Small Health", "Бинты"
"Medium Health", "Аптечка"
"Large Health", "Большой Медпакет"
"Blood Bag", "Сумка для Крови"
"Pills", "Таблетки"
"Energy Can", "Энергетик"
"Needle", "Игла"
"Leg Light Armor", "Легкая Броня для Ног"
"Medium Leg Armor", "Средняя Броня для Ног "
"Heavy Leg Armor", "Тяжёлая броня для Ног"
"Light Vest", "Лёгкий Жилет"
"Medium Vest", "Средний Жилет"
"Heavy Vest", "Тяжелый Жилет"
"Light Helmet", "Легкий Шлем"
"Medium Helmet", "Средний Шлем"
"Heavy Helmet", "Тяжелый Шлем"
"Light Backpack", "Легкий Рюкзак"
"Medium Backpack", "Средний Рюкзак"
"Heavy Backpack", "Тяжелый Рюкзак"
"100 Round Mag", "100 патронный."
"40 Round Mag", "40 патронный."
"50 Round Mag", "50 патронный."
"Fast Load Mag", "Быстрая Перезарядка"
"Scope", "Прицел"
"Compensator", "Компенсатор"
"Flash Reducer", "Вспышкоуменьшатель"
"Grip", "Рукоятка"
"Silencer", "Глушитель"
"Stock", "Опора"
"Laser", "Лазер"
"Airhorn", "Рожок Воздуха"
"Walkie Talkie", "Рация"
"Flare Gun", "Ракетница"
"Teddy Bear", "Плюшевый Медведь"
"Walkie Talkie 2", "Рация 2"
"Walkie Talkie 3", "Рация 3"
"Dynamite Stick", "Динамитная Палочка"
"Dynamite Bundle", "Динамитный Пучок"
"Binoculars", "Бинокль"
"Duct Tape", "Скотч"
"Tape", "Лента"
"Books", "Книги"
"Book", "Книга"
"Magazines", "Журналы"
"Magazines 2", "Журналы 2"
"Bear Trap", "Медвежий Капкан"
"C4", "C4"
"Claymore", "Клеймор"
"Gas Bottle", "Газовый баллон"
"Gas Bottle 2", "Газовая бутылка 2"
"Jar", "яс"
"Water Bottle", "Бутылка для воды"
"Water Container", "Контейнер для воды"
"Mouse Trap", "Мышелока"
"Pills 2", "Таблетки 2"
"Mouse: Fire, Zoom", "Мышь: Огонь, Прицел"
"Draw Everything", "Рисовать Всё"
"Item Use Cancelled", "Использование Отменено"
"You already have a better one!", "У вас уже есть лучше!"
"press ENTER or SHIFT", "нажмите ENTER или SHIFT"
"DISARM BOMBS!", "ОБЕЗОРУЖИТЬ БОМБЫ!"
"LAUNCH MISSILES!", "ЗАПУСК РАКЕТ!"
"STOP ENEMY!", "ОСТАНОВИТЕ ВРАГА!"
"SURVIVAL", "ВЫЖИВАНИЕ"
"DELIVER PACKAGE!", "ДОСТАВЬТЕ ПАКЕТА!"
"GET PACKAGE!", "ПОЛУЧИТЕ ПАКЕТ!"
"DEFEND PACKAGE!", "ЗАЩИТА ПАКЕТА!"
"STOP PACKAGE!", "ОСТАНОВИТЕ ПАКЕТ!"
"Waiting on players", "Ожидание Игроков"
"Hold", "Держать"
"for large map", "для большой карты"
"Remain", "Остаток"
"You Win!", "Ты победил!"
"Click on map to parachute in on that spot", "Нажмите на карту, чтобы парашют приземлился в том месте"
"Heavy", "Тяжелый"
"Scope 2x", "Прицел 2x"
"Scope 4x", "Прицел 4x"
"Scope 6x", "Прицел 6x"
"Sniper Scope", "Снайперский Прицел"
"Chickens don't really win anything but the honor of being in your stomach.", "Куры на самом деле ничего не выигрывают, кроме чести быть в вашем желудке."
"Due to budget cuts, full chicken dinners are no longer available.  Here is a chicken nugget.", "Из-за сокращения бюджета полные куриные обеды больше не доступны. Вот куриная миниотбивная ."
"Congratulations! In an effort to decrease waste, War Brokers has awarded you a slightly used chicken dinner.", "Поздравляем! Стремясь уменьшить количество отходов, «Брокеры войны» наградили вас небольшим количеством куриного ужина."
"You know even I amaze myself sometimes.", "Вы знаете, даже я иногда удивляюсь!"
"Wow!  You just survived all of that!", "Вау! Ты только что пережил все это!"
"Can you hear me now?", "А СЕЦСЕЙЧАСТЫ МЕНЯ СЛЫШИШЬ???"
"Winner - It's your lucky day!", "Победитель - Это ваш счастливый день!"
"Nice Win! Next time will be harder.", "Хорошая победа! В следующий раз будет сложнее."
"Cheating detected.  Account banned.... Just kidding.", "Обман обнаружен. Аккаунт Забанен на.... ладно, шучу."
"Winner Winner Sausage Dinner!", "Победа-победа, ты кибер котлета!"
"Wow, we've never seen anyone win in that particular way, in that particular spot, against those particular enemies, under those particular conditions before!", "Ничего себе, мы никогда не видели, чтобы кто-то побеждал конкретным образом, в этом конкретном месте, против конкретных врагов, в конкретных условиях раньше!"
"You've won! Tip: Keep doing that.", "Вы выиграли! Совет. Продолжайте делать это."
"Winner Winner losers for dinner!", "Победитель, запомни! Ничто не истина, всё дозво.... погодите, что значит 'это не та игра'? "
"You Wrecked them!", "Вы порвали их!"
"Next time, don't forget the bubblegum!", "В следующий раз, не забудьте жвачку!"
"You've won a haiku.  I'm terrible at haikus.  So, here goes nothing... Wait...", "Поздравляю! Вы выиграли хайку.  Итак, было бы худо без добра ... Подождите ..."
"Congratulations, you've won these very words!", "Поздравляю, вы получили эти слова!"
"I'm sorry, we don't serve poultry here.  Only justice.", "Извините, здесь мы не доставляем курицу. Только справедливость."
"Studies have shown that your chances of losing are still 99.99999%.", "Исследования показали, что ваши шансы на проигрыш все равно 99.99999%."
"Please proceed to the nuclear plant for your cake.", "Пожалуйста, перейдите на атомную станцию ​​для вашего торта."
"There is a party for you at Joja's Pizza.  Everyone still alive will be there!", "Для вас проходит вечеринка в Joja's пицца . Если вы все еще живы!"
"Winner winner vulture dinner!  (Please note vulture stomachs may contain prior enemies...)", "Победитель Победитель обед из стервятника! (Пожалуйста, обратите внимание, что желудки стервятников могут содержать предшествующих врагов ...)"
"Winner!  We are required to inform you that your chicken dinner may contain lead bullets.", "Победитель! Мы должны сообщить вам, что ваш ужин из курицы может содержать свинцовые пули."
"Congratulations!  Please do your part and clean the area of all shell casings.  Thank you.", "Поздравляем! Пожалуйста, сделайте свою часть работы и очистите за собой разбросанные пули. Спасибо."
"Fun Fact: You didn't lose!", "Забавный факт: вы не проиграли!"
"Please remember to remove your Kevlar BEFORE your dinner!", "Не забудьте снять свой бронежилет, прежде чем ужинать!"
"Haikus are the worst, and you deserve something more.  However, you lost.", "Хайку– хуже всего, и вы заслуживаете чего-то большего. Однако, вы проиграли."
"Your consciousness is now being uploaded to the nearest crash test dummy unit...", "Ваше сознание теперь загружается в ближайший манекен для краш-тестов ..."
"The cake was a lie.", "Торт был ложью."
"All these games are lost. Like tears, in rain.", "Все эти игры проиграны. Как грустные сонаты, в дождь."
"We regret to inform you that our previous message on using your dead enemies as floatation devices in case of emergency was, in fact, not true.  We apologize for the misinformation.", "Мы с сожалением сообщаем вам, что наше предыдущее сообщение об использовании ваших мертвых врагов в качестве флотационных устройств в случае чрезвычайной ситуации было, по сути, неправдой. Приносим извинения за дезинформацию."
"This is going on your permanent record.", "Это будет записанно в ваши рекорды!"
"For every action there is an equal and opposite reaction... like your body.", "Для каждого действия есть равная и противоположная реакция ... как ваше тело."
"Tip: Don't die next time!", "Совет: не умирайте в следующий раз!"
"You have war broke my heart.", "К сожалению, Вулфируз не смог перевести этот текст, но он попросил передать вам эту печеньку. :3"
"Tip: When hiding from a nearby enemy, attempt to not die.", "Совет. Когда вы скрываетесь от ближайшего врага, попытайтесь не умереть."
"You've won a participation trophy.  Congratulations!", "Вы выиграли трофей участия. Поздравляем!"
"Due to budget cuts on words, only winners receive complete", "Из-за сокращения бюджета на слова, только победители получают полный"
"Research has shown that dying will not result in winning the game.", "Исследования показали, что смерть не приведет к победе в игре."
"Please do not toss your headphones across the room in frustration. --WB Team", "Пожалуйста, не кидайте наушники по комнате в нервном срыве. --WB Team"
"'Pick yourself up.  Dust yourself off.  Start all over again.' --Fred Astaire, 1926", "'Соберись. Встряхнись. Начни все заново. --Fred Astaire, 1926"
"Your death has resulted in the immediate loss of your opportunity to win.", "Ваша смерть привела к немедленной потере вашей возможности для победы."
"Since you died, and we cannot find a will, we are hereby seizing your property and assets in name of the goverment of War Brokers.", "Поскольку вы умерли, и мы не можем найти завещание, мы тем самым захватили вашу собственность и активы во имя правительства War Brokers."
"You death has made someone else very happy.  Congratulations!", "Ваша смерть сделала кого-то очень счастливым. Поздравляем!"
"Thank you for contributing to The Grim Reapers daily quota.", "Благодарим вас за вклад в ежедневную квоту The Grim Reapers."
"We are informing you that we will be dropping your body from 40,000 feet for 'research'.", "Мы сообщаем вам, что мы сбросим ваше тело с 40 000 футов для «исследований»."
"Next time, please die near the soccer goal so the winner can play with your dead body.", "В следующий раз, пожалуйста, умрите рядом с футбольным полем, чтобы победитель мог сыграть с вашим мертвым телом."
"We have now started the ritual to transform you into a pancake.", "Мы начали ритуал, чтобы превратить вас в блин."
"There is always a second life... wait actually this was your only one.", "Всегда есть вторая жизнь ... подождите, на самом деле это была ваша единственная жизнь."
"There is always a second life... And you just used it up!", "Всегда есть вторая жизнь ... И ты просто использовал ее!"
"Studies have shown that your chances of losing are 99.99999%.", "Исследования показали, что ваши шансы на проигрыш составляют 99,99999%."
"Open Parachute", "Открыть парашют"
"press ENTER", "нажмите Ввод"
"BACKPACK", "РЮКЗАК"
"GROUND", "ЗЕМЛЯ"
"Scramble to find the best loot and fight to be the last survivor.", "Набирайся сил, чтобы найти лучшую добычу и сразиться, чтобы стать последним оставшимся в живых."
"Start with set weapon. Respawn each time you die.", "Начните с оружия.  Обороняйтесь каждый раз, когда вы умираете."
"Play New Game", "Играть в новую игру"
"SPECTATE", "Быть Зрителем"
"PLAY NEW GAME", "ИГРАТЬ НОВУЮ ИГРУ"
"DEFEND BOMBS!", "ЗАЩИЩАЙТЕ БОМБЫ!"
"DEFEND MISSILES!", "ЗАЩИЩАЙТЕ РАКЕТЫ!"
"KILLS", "УБИВАЕТ"
"Results", "Результаты"
"to Arm Bomb", "чтобы завредить бомбу"
"to Lower Missile", "Снизить Ракету"
"Unused", "неиспользуемый"
"Fall Faster", "Быстрое Падение"
"To view your full stats, please sign in.", "Чтобы просмотреть полную статистику, пожалуйста, войдите в систему."
"Time Remaining", "Времени осталось"
"Vehicle Escort", "Эскорт Техники"
"BGM Overlay", "Наложение BGM"
"To earn crates, complete missions, keep track of your XP, and to purchase coins in War Brokers, please sign in.", "Чтобы зарабатывать ящики, выполнять миссии, отслеживать свой опыт и покупать монеты в War Brokers, войдите в систему."
"Press L to Lock/Unlock Cursor", "Нажмите L, чтобы заблокировать / разблокировать курсор"
"Get the new limited time items!", "Получите новые редкие придметы!"
"War Brokers Steam version 55% off until February 11:", "Версия War Brokers Steam со скидкой 55% до 11 февраля:"
"Faster load time", "Более быстрое время загрузки"
"DEATH MATCH", "СМЕРТЕЛЬНЫЙ МАТЧ"
"Starting in", "Начало через"
"WAITING FOR ONE MORE PLAYER...", "ЖДЕМ ОДНОГО БОЛЬШЕ ИГРОКА ..."
"STARTING IN", "НАЧАЛО ЧЕРЕЗ"
"CAPTURE POINTS", "ТОЧКИ ЗАХВАТА"
"VEHICLE ESCORT", "ЭСКОРТ ТЕХНИКИ"
"MOVE THE TANK", "ТОЛКАЙТЕ ТАНК"
"Flag has been raised", "Флаг был поднят"
"Raising your flag", "Поднятие вашего флага"
"Lowering enemy flag", "Опускание вражеского флага"
"VSS", "ВСС"
".50 Cal Sniper", ".50 Cal Sniper"
"Turret", "Турель"
"Objective failed, switching sides.", "Цель провалена, переход на другую сторону."
"Objective completed, switching sides.", "Цель выполнена, смена сторон."
"You earned a Special Crate!!!", "Вы заработали специальный ящик!"
"Vulgar, offensive or derogatory words in your player name do not meet War Brokers standards.  Please choose a new name, and continue enjoying War Brokers", "Вульгарные, оскорбительные или уничижительные слова в имени вашего игрока не соответствуют стандартам War Brokers. Пожалуйста, выберите новое имя и продолжайте наслаждаться War Brokers"
"Vulgar, offensive or derogatory chat messages do not meet War Brokers standards. You have been warned for your behavior. Please be considerate of your fellow players and enjoy War Brokers", "Вульгарные, оскорбительные или уничижительные сообщения чата не соответствуют стандартам War Brokers. Вы были предупреждены за ваше поведение. Пожалуйста, будьте внимательны к своим товарищам по игре и наслаждайтесь War Brokers"
"Bomb", "Бомба"
"was disarmed!", "была разоружена!"
"Missile", "ракета"
"was launched!", "была запущена!"
"Crossbow", "Арбалет"
"CITY POINT", "ГОРОДА"
"TOMB", "TOMB"
"THE SOMME", "СОММА"
"Please remember to remove your Kelvar BEFORE your dinner!", "Пожалуйста, не забудьте убрать свой Кельвар ДО обеда!"
"Buy War Brokers on Steam!", "Покупайте War Brokers в Steam!"
"Leprechaun Hat", "Шляпа Лепрекона"
"Leprechaun Beard", "Борода Лепрекона"
"Four Leaf Clover Decal (free)", "Знак четырехлистника (бесплатно)"
"Leprechaun Ears (free)", "Уши Лепрекона (бесплатно)"
"Leprechaun Skin (free)", "Кожа Лепрекона (бесплатно)"
"Please quit the server you are on before joining a new one!", "Пожалуйста, выйдите из сервера, на котором вы находитесь, прежде чем присоединиться к новому!"
"Please choose a nick name that is not vulgar, religious, or has bad words.", "Пожалуйста, выберите псевдоним, который не является вульгарным, религиозным или имеет плохие слова."
"Unique Nick", "Уникальный ник"
"FRIENDS", "ДРУЗЬЯ"
"Friend List", "Список друзей"
"Join", "Присоединиться"
"Remove", "Удалить"
"Remove Friend?", "Удалить друга?"
"Friend Requests", "Запросы в друзья"
"Accept", "Принять"
"Decline", "Отказать"
"Find Someone", "Найди кого-нибудь"
"Request", "Запрос"
"Death Match, Escort, Package Drop, Missile Launch, Bomb Disposal", "Смертельный Бой, Падение пакета, Запуск Ракеты, Эскорт Техники"
"SPECTATOR MODE", "РЕЖИМ НАБЛЮДАТЕЛЯ"
"Waiting for free slot", "В ожидании свободного места"
"Press 1 or 2 to cycle players", "Нажмите 1 или 2, чтобы циклить играков"
"Choose a nick", "Выбери ник"
"SCAR", "SCAR"
"TRIBUTE", "ДАНЬ"
"Stream on Twitch now to be featured here", "Стрим на Twitch теперь будет показан здесь"
"Sign in to connect with friends!", "Войдите, чтобы связаться с друзьями!"
"No pending invites...", "Нет ожидающих приглашений ..."
"Offline", "Не в сети"
"Players", "Игроки"
"No friends...", "Нет друзей..."
"No results...", "Нет результатов..."
"COWBOYS WITH MATCHING HOLSTERS, HATS, BANDOLIER AND BANDANA - AVAILABLE IN THE STORE", "КОБУБЫ С СООТВЕТСТВУЮЩИМИ КОЛСТАМИ, ШАПОЧКАМИ, БАНДОЛИРОМ И БАНДАНАМИ - Теперь В МАГАЗИНЕ"
"SOMBRERO AND CUSTOMIZABLE FLAG BANDANA FREE WITH PLAY", "Сомбреро и настраиваемый флаг бандана бесплатно с игрой"
"ADS", "ADS"
"Head Shot SFX", "Эффект головного удара"
"Dynamic Lights", "Динамические огни"
" to Activate Terminal", "  чбовы активировать терминал"
"Slow down to refuel", "Замедлитесь, чтобы заправиться"
"Hold still to refuel", "Постой чтобы заправиться"
"Fuel tank full", "Топливный бак заполнен"
"Up to 4x faster frame rate than browser.", "Частота кадров до 4 раз выше, чем у браузера."
"Steam exclusive Hazmat suit.", "Паровой эксклюзивный костюм Hazmat."
"3D positional audio versus stereo on browser.", "3D-позиционное аудио против стерео в браузере."
"Includes 1200 Coins", "Включает в себя 1200 монет"
"Unique orange nickname.", "Уникальный оранжевый ник."
"BATTLE ROYALE", "BATTLE ROYALE"
"CLASSIC", "CLASSIC"
"You earned a Special Item!!!", "Вы заработали специальный предмет!!!"
"Tactical Shotgun", "Тактический дробовик"
"Sprint", "Спринт"
"Chat Window", "Окно чата"
"MOONBASE", "КОСМОБАЗА"
"ALL-TIME & DAILY LEADERBOARDS - WEAPON INFO - PERSONAL STATS - MAPS - COMICS - VIDEOS", "ALL-TIME & DAILY LEADERBOARDS - WEAPON INFO - PERSONAL STATS - MAPS - COMICS - VIDEOS"
"Fire Mode", "Режим Огня"
"Scroll Wheel", "Прокрутите Колёсико"
"Left mouse button to parachute", "Левая кнопка Мышки ~ Парашют"
"Right mouse button to spawn", "Правая кнопка Мышки ~ ЗЕМЛЯ"
"You are in screen shot mode. Press RIGHT SHIFT + 8 to turn on your gun so you can fire", "You are in screen shot mode. Press RIGHT SHIFT + 8 to turn on your gun so you can fire"
"Activate Terminal", "Aктивировать терминал"
"Search", "НАЙТИ"
"AREA 15 BASE", "ЗОНА 15 БАЗА"
"AREA 15 BUNKER", "ЗОНА 15 БУНКЕР"
"SKULL ISLAND", "ОСТРОВ ЧЕРЕПА"
"The human race is dead.", "Человечество убито."
"The zombies are coming for you!  Make teams with other players to survive, or go it alone and kill everything that moves, the choice is yours...", "Зомби приходят за вами! Помогайте своей команде или одними убывайте все что двигается. Решение ваше."
"Change your nick to something else", "Помеяйте свой ник на что-то другое"
"Change Nick", "Поменяй ник"
"Default", "Обычное"
"Competitive", "Competitive"
"Lobby", "Lobby"
"COMPETITIVE", "COMPETITIVE"
"Team up with your friends in a 2x2 match", "Team up with your friends in a 2x2 match"
"LOBBY", "LOBBY"
"Elo -", "Elo -"
"Unable to connect to server, please try again", "Unable to connect to server, please try again"
"HANGAR", "АНГАР"
"KITCHEN", "КУХНЯ"
"TEST", "ТЕСТ"
"Waiting for", "Ждем"
"more player(s)", "еще играков"
"Match Win!", "Победа!"
"Match Loss!", "Проигрыш!"
"Match Tie!", "Ничья!"
"Waiting for the other team...", "Ждем другую команду..."
"Invite a player to team with you, join someone's team, or let the computer team you up automatically.  Press Play when ready.", "Пригласите игрока присоединиться к вам, присоединитесь к чьей-либо команде или позвольте компьютеру автоматически объединить вас в команду. Нажмите Play, когда будете готовы."
"Rifle", "Rifle"
"Light", "Light"
"Emblem Color", "Цвет эмблемы"
"Party", "Party"
"Invite", "Invite"
"Private", "Private"
"Quit", "Quit"
"Leave", "Leave"
"Space Center", "Space Center"
"Rest Stop", "Rest Stop"
"Stadium", "Stadium"
"Trailer Park", "Trailer Park"
"Farmington Farms", "Farmington Farms"
"Old Wings Salvage", "Old Wings Salvage"
"Metro Airport", "Metro Airport"
"Training Grounds", "Training Grounds"
"The Diner", "The Diner"
"Train Station", "Train Station"
"Fuel Refinery", "Fuel Refinery"
"Grand City", "Grand City"
"The Port", "The Port"
"Government Park", "Government Park"
"Junkers", "Junkers"
"Skywatch Base", "Skywatch Base"
"Area 15", "Area 15"
"Mountain Base", "Mountain Base"
"Del Gato", "Del Gato"
"The Reactor", "The Reactor"
"Old Man's Cabin", "Old Man's Cabin"
"Pin Enemy", "Pin Enemy"
"CREATE WAR BROKERS ACCOUNT", "CREATE WAR BROKERS ACCOUNT"
"Solo", "Solo"
"Check this out", "Check this out"
"Enemy spotted", "Enemy spotted"
"Found", "Found"
"Marker cleared", "Marker cleared"
"Take my walkie talkie to a radar station", "Take my walkie talkie to a radar station"
"Cover me", "Cover me"
"Follow me", "Follow me"
"I need attachments", "I need attachments"
"I need armor", "I need armor"
"I need ammo", "I need ammo"
"I need health", "I need health"
"Let's stay here", "Let's stay here"
"Clear your ping marker", "Clear your ping marker"
"I need rifle ammo", "I need rifle ammo"
"I need unused ammo", "I need unused ammo"
"I need light ammo", "I need light ammo"
"I need heavy ammo", "I need heavy ammo"
"I need shotgun ammo", "I need shotgun ammo"
"DWARF'S DUNGEON", "DWARF'S DUNGEON"
"Error! Already is a friend", "Ошибка! Уже друг"
"Error! Please accept their invitation", "Ошибка! Пожаилуста примите их прглашение"
"Loading...", "Загружается..."
"Reconnecting", "Перевязка"
"Error! You have already issued a friend request", "Ошибка! Бы уже выслали приглашение"
"Steam is offline, unable to connect", "Steam не на связи, невозможно соединиться"
"Duos Party", "Duos Party"
"Join Duo", "Присоединись к Duo"
"Invite to Duo", "Пригласите в Duo"
"Block Duo Invites", "Заблокировать приглашение Duo"
"Fill (Will search for partner)", "Fill (Will search for partner)"
"No Fill (Will not search for partner)", "No Fill (Will not search for partner)"
"Leave Duo", "Leave Duo"
"YOUR PARTNER CAN REVIVE YOU.  HANG IN THERE!", "YOUR PARTNER CAN REVIVE YOU.  HANG IN THERE!"
"YOUR DUOS PARTNER IS", "YOUR DUOS PARTNER IS"
"HEAD TO A RADAR STATION AND ACTIVATE THE COMPUTER", "HEAD TO A RADAR STATION AND ACTIVATE THE COMPUTER"
"GET THE WALKIE TALKIE TO REVIVE YOUR TEAMMATE", "GET THE WALKIE TALKIE TO REVIVE YOUR TEAMMATE"
"FRONTIER", "FRONTIER"
"Invite a player to team with you, join someone's team.  Choose fill to search for a partner.  Press Play when ready.", "Пригласите игрока присоединиться к вам, присоединитесь к чьей-то команде или дайте компьютеру автоматически объединить вас в команду. Нажмите Play, когда будете готовы."
